First Name,Last Name,Username,Id,User Status
Mohammed,Alghamdi,zizou_madrid,656705711,Last Seen Not Long Ago
zeez,,,374808139,Last Seen Not Long Ago
Hussam,Zafarani,Hussam_Zafarani,1769016546,Last Seen Not Long Ago
Ziad,,,857203625,Last Seen Not Long Ago
ZAK,,zeyadkhan91,1405527842,Last Seen Not Long Ago
Ziyad,,,5094476300,Last Seen Not Long Ago
ÿ∏ÿßŸÅÿ±,ÿßŸÑÿ¥Ÿáÿ±Ÿä,zfr_1,923021163,Last Seen Not Long Ago
zarA,,zaa2_q,2109063560,Last Seen Not Long Ago
MT3B,,zbeedr10,1682792894,Last Seen Not Long Ago
Z,R,zero11211,1474548219,Last Seen Not Long Ago
üÖÇüÑ∞üÖÑüÑ≥ Z·¥á Ä·¥è‚Ñ¢ üá∏üá¶,,SaudRN,399112146,Last Seen Not Long Ago
ZA,,,838396251,Last Seen Not Long Ago
Abdullah,,kaza_z,627161368,Last Seen Not Long Ago
| ü¶Ö‚Äô,,Zack_Crypto,1802227900,Last Seen Last Week
Abdullah üá∏üá¶,,mbc_zz,925727555,Last Seen Not Long Ago
Yatsenko,Yaroslav,delay_veter228,406733867,Last Seen Not Long Ago
Y...,,,128595203,Last Seen Not Long Ago
yassrt,,,979562876,Last Seen Not Long Ago
Yuki„ÉÉ,,Sparrow506,282354404,Last Seen Not Long Ago
Faisal,Yati,,1100157507,Last Seen Not Long Ago
Yazan,Alyazedi,,1712518014,Last Seen Not Long Ago
Y,.,,883836623,Last Seen Not Long Ago
Yasir,,ya11ss33,804113117,Last Seen Not Long Ago
Os„ÄÇPerfect,,Yh_92,859894429,Last Seen Not Long Ago
Y,,,642100687,Last Seen Not Long Ago
YoYo,,,1529807903,Last Seen Not Long Ago
YG,,YAG010,852900963,Last Seen Not Long Ago
Yazeed,.tuw,,1031743483,Last Seen Not Long Ago
Yousef,,,1264728692,Last Seen Last Week
Yossif,H,,2106272554,Last Seen Not Long Ago
Yousif,Alkhamis,Alkhamis78,858720455,Last Seen Not Long Ago
Benslimane,Yassine,,1218036121,Last Seen Not Long Ago
M,h,xmoood1,473912445,Last Seen Not Long Ago
Moe,Al,Xmbiii,1621351594,Last Seen Not Long Ago
Rd7,,xzrd7,781082026,Last Seen Not Long Ago
azo‚Äô,,azo_x9,1001285093,Last Seen Not Long Ago
Faisal,Bandar,xfbk7,129680879,Last Seen Not Long Ago
3Z,X,abdulazizhk,801998692,Last Seen Not Long Ago
ŸÖÿ≠ŸÖÿØ,.,xhmoodi,682361818,Last Seen Not Long Ago
Malk-12,Xd,GOATrozario,867420978,Last Seen Not Long Ago
X,,,690087008,Last Seen Not Long Ago
ÿßŸÑÿ™ŸÖŸäŸÖŸä,ÿ™ŸÖŸäŸÖŸä,xX506Xx,72587797,Last Seen Not Long Ago
Xz7,,,597813056,Last Seen Not Long Ago
S,,xS6S6,170003292,Last Seen Not Long Ago
X,‚Ä¢,Maxiemus,338681210,Last Seen Not Long Ago
ÿßÿ≥ŸÖÿßÿ°.,,xsamzl,779014324,Last Seen Not Long Ago
Abdullah,Wassem,,5046951903,Last Seen Not Long Ago
W,A,Waleed_A_3,959455015,Last Seen Not Long Ago
ŸàŸÑŸäÿØ,..,we_99,815977955,Last Seen Not Long Ago
Waleed,Alwabrah,,480436774,Last Seen Not Long Ago
Walaa,,,5089814009,Last Seen Not Long Ago
W‚ÄôF,,WBF911,1106205215,Last Seen Not Long Ago
Bandr,,ww22ww0,1973643,Last Seen Not Long Ago
Wow,,,511034347,Last Seen Not Long Ago
W,,,671742578,Last Seen Not Long Ago
Vigaaro,,laith_alman3,729156995,Last Seen Last Week
M.,,vwmdz,825030120,Last Seen Not Long Ago
Abdullah,,Ab_u2,1889278819,Last Seen Not Long Ago
Uk,,badr_obaid,952500723,Last Seen Not Long Ago
.....,,U_R_1,551426124,Last Seen Not Long Ago
~,>,unklr,543738273,Last Seen Not Long Ago
ttoottyy,ttoottyy,,603584594,Last Seen Not Long Ago
THEEBüî±,,TSTSSB,801944097,Last Seen Not Long Ago
Turki,A,,659038574,Last Seen Not Long Ago
Eng.Tariq,Almalki,,672352993,Last Seen Not Long Ago
Turki,,,1259033892,Last Seen Not Long Ago
Dr. Turki,,motx5,1100077406,Last Seen Not Long Ago
Turki,,,5073355079,Last Seen Not Long Ago
Turki,,,876156925,Last Seen Last Week
ÿ™ÿ±ŸÉŸä ÿßŸÑ ÿ≥ÿπÿØ,,k7_t1990,286832973,Last Seen Not Long Ago
Turki.,,T_0tb,844895823,Last Seen Not Long Ago
..,,tamim554,472178326,Last Seen Not Long Ago
TA,,MYMM51,350679238,Last Seen Not Long Ago
Tawfeeq,,Tawfeeq_H,5046672279,Last Seen Not Long Ago
Turki,,Tualsheh,719521433,Last Seen Not Long Ago
Turki,,turki430,956440045,Last Seen Not Long Ago
Turki,S,turki215,870282278,Last Seen Not Long Ago
Tutor,,Falcons_Tutor,455584950,Last Seen Not Long Ago
mosleh,Saad,,1812338973,Last Seen Not Long Ago
Sara,,,833259629,Last Seen Not Long Ago
s,s,,887655218,Last Seen Not Long Ago
Saif,Alsaif,,655060209,Last Seen Not Long Ago
Bo,Sultan,BoSultan29,1842836296,Last Seen Not Long Ago
Sara,Moh‚Äôd,,548231006,Last Seen Not Long Ago
Sa,Ma,so1234so,713869721,Last Seen Not Long Ago
Sami,,Szo777,452754300,Last Seen Not Long Ago
S,ÿßŸÑÿπŸÖÿ±Ÿä,s_alamri701,530063743,Last Seen Not Long Ago
S,.,sweel_7,307691364,Last Seen Not Long Ago
So0os,,,1331246914,Last Seen Not Long Ago
Suliman,Alsayari,,2101960907,Last Seen Not Long Ago
Saeed,Alghamdi,,1396993372,Last Seen Not Long Ago
Abu_salem,,,772126808,Last Seen Not Long Ago
R A S H E D,,,739787263,Last Seen Not Long Ago
Bader,Shaif,,541293956,Last Seen Not Long Ago
Saud,,s4udm,2123061409,Last Seen Not Long Ago
SSN,,SalehS06,987711894,Last Seen Not Long Ago
M.,SABBAN,,2061962604,Last Seen Not Long Ago
Salim,,Salim_Alghamdi,349525877,Last Seen Not Long Ago
Ÿé,,SaintSa,441268840,Last Seen Not Long Ago
S3ood,,,722732696,Last Seen Not Long Ago
S3,,,1259767178,Last Seen Not Long Ago
SA,,ahmad_alanzi,209090127,Last Seen Not Long Ago
s,.,s3eedu,5085100082,Last Seen Not Long Ago
Swem,,,940048859,Last Seen Not Long Ago
_A.S.R,_,A_S_R_7,36978269,Last Seen Not Long Ago
M.s,,,1539552783,Last Seen Not Long Ago
Sd7 | ìÖö,,sd7saad,1802613589,Last Seen Not Long Ago
Saeed,Aldosari,,1284178207,Last Seen Not Long Ago
Salman,,,1430141966,Last Seen Not Long Ago
Sultan,Alotaibi,sultan_alotaibi990,1120549962,Last Seen Not Long Ago
Sultan,Alshiha,salshiha,2109497809,Last Seen Not Long Ago
Aziz,S,,45807061,Last Seen Not Long Ago
Sultan,,,682724730,Last Seen Not Long Ago
S,B A,Smuhannadi,1074342887,Last Seen Not Long Ago
Just,.,Just_SFM,659694248,Last Seen Not Long Ago
Saud,Mohammed,saudrud,370344562,Last Seen Not Long Ago
S,Ss,,1714411666,Last Seen Not Long Ago
Saud,J,saudnj,775843086,Last Seen Not Long Ago
Sir,Gr,,518996023,Last Seen Not Long Ago
SA.,,Sauddx,1025539096,Last Seen Not Long Ago
ŸÖÿ¥ÿπŸÑ,üíúüïä,sh3lol,105837613,Last Seen Not Long Ago
Salim,,buali21,1899808954,Last Seen Not Long Ago
Anas,Saleh,anass9,682152095,Last Seen Not Long Ago
Mubarak,Salem,,1288114425,Last Seen Not Long Ago
Mohamed,SH,,708432534,Last Seen Not Long Ago
Abdullah,Shikhi,,209472322,Last Seen Not Long Ago
S,S,,5047869974,Last Seen Not Long Ago
ÿ≥ÿπÿØ ÿßŸÑŸÑŸá Ÿäÿ≥ÿπÿØŸÉ,,S89S89S89,1846708924,Last Seen Not Long Ago
Sulaiman,Alhumaidi,,1763943074,Last Seen Not Long Ago
Saeed,,,1600821897,Last Seen Not Long Ago
S,D,,1277057437,Last Seen Not Long Ago
Ahmed,Sb,,948878542,Last Seen Not Long Ago
S,M,shakerms,1227734184,Last Seen Not Long Ago
sami,alherbawi,salherbawi,816565421,Last Seen Last Week
Sam,,,2015664005,Last Seen Not Long Ago
It's me,,,393944733,Last Seen Not Long Ago
e s,kha,,2085707394,Last Seen Not Long Ago
Khalid,Alotibi,Abo_shnp,1823556179,Last Seen Last Week
Falcons Support,,falcons_crypto,1692949282,Last Seen Not Long Ago
M.sh,M.sh,,1897552812,Last Seen Last Week
Sohaib,,sohaib3zooz,793645411,Last Seen Not Long Ago
Premium Support ü¶Ö,,Falcons_pre_Support,1040413028,Last Seen Not Long Ago
Raef,Adil,,70222330,Last Seen Not Long Ago
Raak,.,iikddd,968951527,Last Seen Not Long Ago
Raeed,,,510769670,Last Seen Not Long Ago
R,A,Rara9009,941278144,Last Seen Not Long Ago
Rayan,Albeladi,,2130751930,Last Seen Not Long Ago
A,,rii889,1061064076,Last Seen Not Long Ago
Rayan,,,747773542,Last Seen Not Long Ago
Rayan,,,946312507,Last Seen Not Long Ago
R.m,',,1355267013,Last Seen Not Long Ago
Rayan,Alturiman,Raay_65,1488394941,Last Seen Not Long Ago
R,,MAD91,544596386,Last Seen Not Long Ago
Qusai,Ramadan,Qusaimahdi13,1868029850,Last Seen Not Long Ago
Rayan,,,1041925434,Last Seen Not Long Ago
re.,,reEee26,754321198,Last Seen Not Long Ago
Qumasha,Almazam,,2046798470,Last Seen Not Long Ago
Abod,Qumayr,,1078790544,Last Seen Not Long Ago
Al_qurashi9,,,825608758,Last Seen Not Long Ago
H,Q,,1324613431,Last Seen Not Long Ago
Mo,A,moa3th_q,1708153604,Last Seen Not Long Ago
Mohammed,Al Qahtani,,625903144,Last Seen Last Month
P,,,1648953793,Last Seen Not Long Ago
.,,INAWAF_O,406658830,Last Seen Not Long Ago
Omar,Alhmrani,,1088176465,Last Seen Not Long Ago
ìÜ© AsaaD ìÜ™,,oz8816,909414734,Last Seen Not Long Ago
Omar,Alghamdi,,953915491,Last Seen Not Long Ago
Omar,A,,693312944,Last Seen Not Long Ago
Omar,Kamal,,2052339271,Last Seen Not Long Ago
ÿπÿ®ŸäÿØ,,obaidattea,730757700,Last Seen Not Long Ago
oMar,,,1984670357,Last Seen Not Long Ago
M,O,,953055767,Last Seen Not Long Ago
Abdullah AL Otaibi,,,727663488,Last Seen Not Long Ago
Moha_^,,m_oh876,481111821,Last Seen Not Long Ago
Oday,,,1158950135,Last Seen Not Long Ago
Nesreen,Hakami,nes6ea,571857370,Last Seen Not Long Ago
N,M,,5065629711,Last Seen Last Week
N,‚Äò,,1769827910,Last Seen Not Long Ago
Najwa,,Najwa_0,1392041604,Last Seen Not Long Ago
Naw,,,1984123615,Last Seen Not Long Ago
Nasser,,NasserHK92,1110691398,Last Seen Not Long Ago
Don Nasser,,Don_NSQ,201671798,Last Seen Not Long Ago
Nooni,,,1103723713,Last Seen Not Long Ago
Nawaf,,,1232212990,Last Seen Not Long Ago
Nawaf,Alshammri,,597633479,Last Seen Not Long Ago
Nasser,,niii7000,1114037209,Last Seen Not Long Ago
Naif,Alotibi,,438796838,Last Seen Not Long Ago
NK,,,869988693,Last Seen Not Long Ago
NA.,,Nothing155,536600367,Last Seen Not Long Ago
Nawaf,Abdullah,,988606148,Last Seen Last Month
ÿåÿå,,nspk0,933571760,Last Seen Not Long Ago
Njood,Khaled,,1317811766,Last Seen Not Long Ago
Abo,Nasir,abonasir2005,135748650,Last Seen Not Long Ago
Mohd,.,mohdsr,786833185,Last Seen Not Long Ago
meme,,,1471486262,Last Seen Not Long Ago
ŸÖŸé,ÿßŸÑÿ¥ŸÖÿ±Ÿä,mosaa_20,523950415,Last Seen Not Long Ago
Max,,,1283090578,Last Seen Not Long Ago
Mila,,milaa57,1232146326,Last Seen Not Long Ago
Mohammed,Hamdo,,873872742,Last Seen Not Long Ago
MOhd,Mmmmm,,1567513569,Last Seen Not Long Ago
Majed,,,711041498,Last Seen Not Long Ago
M,~ alkaabi,Hachattak,707372356,Last Seen Not Long Ago
M,F,,828257986,Last Seen Not Long Ago
Mohammed,.,MoAlqarawi,595964252,Last Seen Not Long Ago
-,-,Mayouf26,1370793696,Last Seen Not Long Ago
Mohammed,,mohammedm1989,441418322,Last Seen Not Long Ago
Mashel,,,1456422748,Last Seen Not Long Ago
AHMAD,MH,,220609065,Last Seen Not Long Ago
Muath,,Mad_Ace10,1857270497,Last Seen Not Long Ago
ma .,,,154936483,Last Seen Not Long Ago
Majd,AlNajjar,ixdie,4421398,Last Seen Not Long Ago
Mohamed,Almansoori,MKQ_M,842793330,Last Seen Not Long Ago
Mohammed,,HMX79,1003034891,Last Seen Not Long Ago
M,a,moneer79,881762405,Last Seen Not Long Ago
Moone,,,854751660,Last Seen Not Long Ago
ÿ£ÿ≠ŸÖÿØ ÿßŸÑÿØŸàÿ≥ÿ±Ÿä,,mmmamaq,955714031,Last Seen Not Long Ago
KH_M,,KH_985_M,715533892,Last Seen Not Long Ago
mohammed,alkhamsi,i_ana33,581178651,Last Seen Not Long Ago
MHA,,,948462054,Last Seen Not Long Ago
Me,,,141790515,Last Seen Not Long Ago
Msh,,,1162097298,Last Seen Not Long Ago
Fahad.M ‚ö†Ô∏è,,fahad9099,777344935,Last Seen Not Long Ago
Ahmad,Mogeis,,1613908703,Last Seen Not Long Ago
iMohd,Abo Fahad,MohdSayari,409907083,Last Seen Not Long Ago
Mohamed,Alzahmi,,1534017008,Last Seen Not Long Ago
Mo7md87,,,1076535581,Last Seen Not Long Ago
M,,,1407955534,Last Seen Not Long Ago
mohammed,,,678903302,Last Seen Not Long Ago
Mohammed,,Alrubeh,911631280,Last Seen Not Long Ago
Mnsour,,,1111255913,Last Seen Not Long Ago
M7d,L7d,,1295407930,Last Seen Not Long Ago
Abdulrahman,M,,548003737,Last Seen Not Long Ago
Muteb,Alharthi,,1824481707,Last Seen Not Long Ago
Meshal,,m0cyber,357735878,Last Seen Not Long Ago
Mu.üçÇ,,m_aofi,723844930,Last Seen Not Long Ago
Hisham,Mousa,,1091851562,Last Seen Not Long Ago
Mlook,..!,,1027845599,Last Seen Not Long Ago
ŸáŸäŸÑÿ´,,M_9000,1590498787,Last Seen Not Long Ago
ŸÖÿ≠ŸÖÿØ,ÿßŸÑÿπÿßŸÖÿ±,mohmmed1984,194490820,Last Seen Not Long Ago
Mohammed,Hasan,,1983437970,Last Seen Not Long Ago
Mansour,,mansournm,57481226,Last Seen Not Long Ago
Adel,Mukashir,,1375197998,Last Seen Not Long Ago
Moneer,Malebari,,1983053698,Last Seen Not Long Ago
Meshaal,Abdulaziz,,5031468057,Last Seen Not Long Ago
Meshal,,,648699997,Last Seen Not Long Ago
–≤ƒëœÖŒπŒπ–øÃµ –≤…™Ãá≈ã,–ºœÉ–Ω–øÃµ–º–º—îƒè,Abdulla_ben_Mohammad,24839775,Last Seen Not Long Ago
Eng.,Mohamed,eng_m7md3,1252987486,Last Seen Not Long Ago
Musab,Abdullah,,1032309705,Last Seen Not Long Ago
ÿßÿ®Ÿàÿ≥ÿπÿØ,,msj678,413596837,Last Seen Not Long Ago
M√úD,,MUDPG,555156548,Last Seen Not Long Ago
Majed,Habib,,949109433,Last Seen Last Month
Feras,Mohamad,FerasMohamad,561483883,Last Seen Not Long Ago
Mohammed,,alkhanferi,921454035,Last Seen Last Week
M,,,2117316826,Last Seen Not Long Ago
M,,,1634462362,Last Seen Not Long Ago
ŸÖÿ≠ŸÖÿØ,,mido70000,173371334,Last Seen Not Long Ago
MìÖÜ‚Å∑,,,1573084214,Last Seen Not Long Ago
M,K,,2085670462,Last Seen Not Long Ago
MANSKY,,M4NSKY,1877703908,Last Seen Not Long Ago
..,,mr3lem,776296046,Last Seen Not Long Ago
M,,m_h_m_d99,1175412331,Last Seen Not Long Ago
Mohunned,Alhafez,,1311999072,Last Seen Not Long Ago
Mjeed,,,1041466260,Last Seen Not Long Ago
Ahmed,Marwan,ahmedmarwan73,1230325985,Last Seen Not Long Ago
ŸÖÿ≠ŸÖÿØ,ÿßŸÑÿØÿ±Ÿäÿ≥,Mohaldres,655575196,Last Seen Not Long Ago
Mazen,,Maz606,571782793,Last Seen Not Long Ago
Abdulrahman,Mojallid,mojallid,2077916699,Last Seen Not Long Ago
Muhammad,,Muha1305,1623078269,Last Seen Not Long Ago
mjed,.,,1253923212,Last Seen Not Long Ago
A.,,lok1555,733325906,Last Seen Last Month
lagodanazar,,lagodanazar23,1243565661,Last Seen Not Long Ago
Laila,,,1501748884,Last Seen Last Week
K7,,,486508605,Last Seen Not Long Ago
Khalid,,,925508405,Last Seen Not Long Ago
A,K,,392454980,Last Seen Not Long Ago
Ahmed,K,,692066107,Last Seen Not Long Ago
K,,kabood980,806870498,Last Seen Not Long Ago
Khaled,.,,767311480,Last Seen Not Long Ago
K ‚ú®,,,1287426863,Last Seen Not Long Ago
Khalid,Abdulla,,5052082350,Last Seen Not Long Ago
Khalid,Alshareef üåç,,953580296,Last Seen Not Long Ago
K,A,Kahmed8,1468921646,Last Seen Not Long Ago
khaled,almalki,khaledalmalkii,145477542,Last Seen Not Long Ago
Khalid,Alatty,,454244397,Last Seen Not Long Ago
KUH,,khaoed7788,1019886341,Last Seen Not Long Ago
Kh,,,1270298222,Last Seen Not Long Ago
Khalid,Alqahtani,,1236520657,Last Seen Not Long Ago
Ham,Kh,,1757876989,Last Seen Not Long Ago
khaled,,khaliid_111,697157487,Last Seen Not Long Ago
Khaled,Badr,kalidbadr,161135165,Last Seen Not Long Ago
K,K,,1134918738,Last Seen Not Long Ago
Khalid,Khalid,,1607475134,Last Seen Not Long Ago
Khaled,686,,311853333,Last Seen Not Long Ago
K,,bukarma10,1499094590,Last Seen Not Long Ago
Khalid almutairi,,,516301590,Last Seen Not Long Ago
K,,,2028754510,Last Seen Not Long Ago
Khaledüö∂üèΩ,,klooood97,877385416,Last Seen Not Long Ago
A,K,,1251079252,Last Seen Not Long Ago
Fa,..,jjaass1,626385638,Last Seen Not Long Ago
Jem,,,772658362,Last Seen Not Long Ago
Ali,jafar,,1040814937,Last Seen Not Long Ago
ib.üéµüíõ,,,760321883,Last Seen Not Long Ago
Abo Faisal,,ibra_alkhathami,1605446425,Last Seen Not Long Ago
ÿπÿ®ÿØÿßŸÑŸÑŸá,.,ii3bd2,1755737739,Last Seen Not Long Ago
iAbood,.,,907200976,Last Seen Not Long Ago
i,,Bunny_do,949890047,Last Seen Not Long Ago
ABOMAN3,,iABOMAN3,323023792,Last Seen Not Long Ago
Ibrahim,Albuainain,ibrahim_bn,555124638,Last Seen Not Long Ago
Dhiya,,IYIIYIx,1686313527,Last Seen Not Long Ago
iZezoh,,,823140609,Last Seen Not Long Ago
iAladdin,,AladdinAttari,353167284,Last Seen Last Month
iAhmed,,,1231612971,Not Active For A While
Islam,Aboyabis,,1116636322,Last Seen Not Long Ago
Hamza,,,5088273436,Last Seen Not Long Ago
HMT,,,1676121284,Last Seen Not Long Ago
Hatem,Alsulami,,1482406884,Last Seen Not Long Ago
Hisham,,,1157669671,Last Seen Not Long Ago
Hadi,Alismail,,777918466,Last Seen Not Long Ago
H,H,,915273496,Last Seen Not Long Ago
hatim,,,205920334,Last Seen Not Long Ago
Hsna,Alshrry,hsnashrry,133948379,Last Seen Not Long Ago
Haitham,,Haitham119,594756394,Last Seen Not Long Ago
Hend,Alrowaili,,1525446097,Last Seen Not Long Ago
hattan,,,301435987,Last Seen Not Long Ago
Huda,,,626385256,Last Seen Not Long Ago
Hu..,,awham90,907770698,Last Seen Not Long Ago
Had,,hadi15987,1312729708,Last Seen Not Long Ago
Abdullah,Hariri,,532332534,Last Seen Not Long Ago
Hamdan,Alkaabi,H_alkaabi98,2056891266,Last Seen Not Long Ago
Hilal,Alali,,681289678,Last Seen Not Long Ago
Hadi,Alqahtani,,1079812925,Last Seen Not Long Ago
Hussain,Ali,,943860985,Last Seen Not Long Ago
H,.,,1993769439,Last Seen Not Long Ago
ÿ±ŸáŸÅ,‚ú®.,Hoofa_678,143391088,Last Seen Not Long Ago
Hassan,Almarzooq,h_almarzooq,1027026283,Last Seen Not Long Ago
ÿ≠ÿ≥ÿßŸÖ,,hosim123,1792112208,Last Seen Not Long Ago
Hosam,,hhs177,1238326001,Last Seen Not Long Ago
Ali,Hamad,,567154030,Last Seen Not Long Ago
Hadi,,,1426442636,Last Seen Not Long Ago
H,,,1765383344,Last Seen Last Month
..,,hadii0500,162093779,Last Seen Not Long Ago
Haitham.,,,1217093263,Last Seen Not Long Ago
ÿπÿ®ÿØÿßŸÑŸÑŸá,1Ô∏è‚É£,hdhdgw,557170774,Last Seen Not Long Ago
H,,,1524975587,Last Seen Not Long Ago
hema,,hema_broo,1585855618,Last Seen Not Long Ago
Ali,Hussain,,808685578,Last Seen Not Long Ago
Hassan,,hassannabeelshehada,1085720439,Last Seen Not Long Ago
Hamad,,,1598248307,Last Seen Not Long Ago
a.GH üß≤ .,,AhmedGHi5,923944811,Last Seen Not Long Ago
Abdullah,AL-Ghamdi,,1264026950,Last Seen Not Long Ago
Awad,Alshahranii,ghi67ii,1600342102,Last Seen Not Long Ago
.,,ghilais,1146376802,Last Seen Not Long Ago
F,,faisal_777d,196321237,Last Seen Not Long Ago
F,,,166371628,Last Seen Not Long Ago
faris,,,790615654,Last Seen Not Long Ago
ŸÅŸàÿßÿ≤,ÿßŸÑŸÉÿ´Ÿäÿ±Ÿä,fawaz_alkathiri94,169744592,Last Seen Not Long Ago
Faisal,,,5058690223,Last Seen Not Long Ago
Fawaz,Busbait,,1266803911,Last Seen Not Long Ago
Faisal,Alrasheed,,378490910,Last Seen Not Long Ago
Fawaz,,fawaz1449,1280167294,Last Seen Not Long Ago
..,..,fahodi911,674332235,Last Seen Not Long Ago
Faisal,,,2123326508,Last Seen Not Long Ago
Fahad,,,9823534,Last Seen Not Long Ago
F.,,,705954634,Last Seen Not Long Ago
F,A,,504281668,Last Seen Not Long Ago
Farfoor,,froos80,628284577,Last Seen Not Long Ago
Feras,Almowalad,FiMos13,1975838738,Last Seen Not Long Ago
Fluke5,.,Fluke5,654668447,Last Seen Not Long Ago
Fahad,A.A,Fahaduf,1003957620,Last Seen Not Long Ago
Fahad,,,1630598556,Last Seen Not Long Ago
Faris,Bader,,5038023171,Last Seen Not Long Ago
fe9al,.,,1743643080,Last Seen Not Long Ago
Faisal,AlDulaijan,f9o0oll20,1082670766,Last Seen Not Long Ago
Fatma,Alkhudair,,14778532,Last Seen Not Long Ago
Faisal,,faisalf1,1410270931,Last Seen Not Long Ago
Bo Fahad,,,158208780,Last Seen Not Long Ago
f,..,,246171546,Last Seen Not Long Ago
F,,FahadFS7,1156442187,Last Seen Not Long Ago
Faris,Alharbi,,1028191190,Last Seen Not Long Ago
Fahd,,ElFahadz,1076347283,Last Seen Not Long Ago
Abdulmohsen Fahad,,AbdulmohsenFahad,1882557294,Last Seen Not Long Ago
ŸÅÿßÿ±ÿ≥,,fari09999,144751859,Last Seen Not Long Ago
Faisal,,,1208701131,Last Seen Not Long Ago
Faisal,,,245054411,Last Seen Last Week
Fahad,,Fahad_1983,1032487801,Last Seen Last Week
Fahad,,fahalomari,1263753682,Last Seen Not Long Ago
Elaf,.,elafkh11,666219682,Last Seen Not Long Ago
Eng. Adel,,Eng_Adel1,461672958,Last Seen Not Long Ago
AB,,ENG_ABDULLAH24,991497509,Last Seen Not Long Ago
Essam,Algarni,,1843106030,Last Seen Last Month
Eng.Ammar,Alshreef,Eng_AmmarG63,1782034601,Last Seen Not Long Ago
Abdullah,A,DoubleA_11,239741134,Last Seen Not Long Ago
Ald7m,,D7m702,5210823,Last Seen Not Long Ago
ÿ£ÿ≠ŸÄŸÖŸÄÿØ,,DH_Ahmad,381539269,Last Seen Not Long Ago
dahaF,,dah4F,18965424,Last Seen Not Long Ago
Aüçâ,,ab_du6,126228152,Last Seen Not Long Ago
Dr.awn,,awn11,921842661,Last Seen Not Long Ago
D7my,,D7MYR,1052623942,Last Seen Not Long Ago
D,,Dha_97,32989183,Last Seen Not Long Ago
Dr.,,,612300197,Last Seen Not Long Ago
Done 1994,,Done_1994,1883629416,Last Seen Not Long Ago
Abdullah,Al-anaze,dante2341,692675694,Last Seen Not Long Ago
Codefred ü§ì,,codefred,577180091,Not Active For A While
Cr7,,,1248522773,Last Seen Not Long Ago
Cf,,,2126104134,Last Seen Not Long Ago
Br,,,1259651990,Last Seen Not Long Ago
Brazily,üî•üçü,,1193889618,Last Seen Not Long Ago
B,,,1420701128,Last Seen Not Long Ago
A.B,,abade52,797744182,Last Seen Not Long Ago
Basim,,Basim_1999,1939927502,Last Seen Not Long Ago
B,,,1415562492,Last Seen Not Long Ago
Basim,..,basim389,891662249,Last Seen Not Long Ago
Abdallah,~,a_bd588,531584023,Last Seen Not Long Ago
A,B,,410306699,Last Seen Not Long Ago
Badr,Basahih,badr_ab,608114975,Last Seen Not Long Ago
Biis,,BiiiS7,1861348928,Last Seen Not Long Ago
Bardia,,,855799385,Last Seen Not Long Ago
Bod,,Bodf2,918935532,Last Seen Not Long Ago
ùêÅùêöùêßùêùùêöùê´,,Bn443,1194473953,Last Seen Not Long Ago
Aj,..,Aj_198,677095252,Last Seen Not Long Ago
ahmad,1,,2016512621,Last Seen Not Long Ago
A,,alds71,485620581,Last Seen Not Long Ago
Abdullah,,,961253015,Last Seen Not Long Ago
Aziz,,,1207869293,Last Seen Not Long Ago
Abdulrahman,Almaskari,aalmaskari,600919304,Last Seen Not Long Ago
AdeL,,AbuAws88,804936712,Last Seen Not Long Ago
A,,azxx97,1260761629,Last Seen Not Long Ago
Aziz,,,1049550595,Last Seen Not Long Ago
Aziz,.,,717680137,Last Seen Not Long Ago
Ali,,,1306870471,Last Seen Not Long Ago
Ahmad,,ahmadaalmulhim,1279593307,Last Seen Not Long Ago
Abdullah,Alrajhi,,5096087780,Last Seen Not Long Ago
Ahmad,,,1265052809,Last Seen Not Long Ago
Abdullah,Alhumaidi,,1596244081,Last Seen Not Long Ago
Abdulkarem,,,154153481,Last Seen Not Long Ago
Abdullah,,,547650807,Last Seen Not Long Ago
Alosh,Abcdefg,,1021585402,Last Seen Not Long Ago
Ahmad AlShammeri,,alshammeri83,1226563564,Last Seen Not Long Ago
Ali,,Abualray,1221078190,Last Seen Not Long Ago
Abdurhman,,,788072485,Last Seen Not Long Ago
"Abdulrahman""",,abdulrahmansae,44887689,Last Seen Not Long Ago
A,‚ú®‚ú®,,1922029948,Last Seen Not Long Ago
Ahmed,Alghamdi,ahmedaziz760,531670117,Last Seen Not Long Ago
Abdullah,Algethami,,411889765,Last Seen Not Long Ago
AD√àL,,ADEL422,390558555,Last Seen Not Long Ago
Abdullah,,,1119804518,Last Seen Not Long Ago
ADQ,.,,981071613,Last Seen Not Long Ago
Abdullah,,AbdullahMusaad0,130884396,Last Seen Not Long Ago
ali,a,,1336684319,Last Seen Not Long Ago
A,,,722466287,Last Seen Not Long Ago
Abdulla,Alkobaisi,,1840318186,Last Seen Not Long Ago
ÿπÿ®ÿØÿßŸÑŸÑŸá,,abdallah4707,1081259677,Last Seen Not Long Ago
A‚ö°Ô∏è.,,,465568585,Last Seen Not Long Ago
Anas,Alqarni,,449054487,Last Seen Not Long Ago
ÿ£ÿ≥ŸÖŸÄŸÄÿßÿ°,,aas0maa,685373435,Last Seen Not Long Ago
Abdulla,Ahmed,,5098467944,Last Seen Not Long Ago
Abdulmajeed,Alshuwaier,,528099032,Last Seen Not Long Ago
AQ~,,aq24a,530570571,Last Seen Not Long Ago
Abdulaziz,,AzizLe,255471709,Last Seen Not Long Ago
Abdullah,,,1414492388,Last Seen Not Long Ago
Abdulrahman,Alsadeh,,2123841461,Last Seen Not Long Ago
Ahmed,.,Ahmed1_88,514955986,Last Seen Not Long Ago
A,,,5068045998,Last Seen Not Long Ago
ÿ£ŸäŸÖŸÜ,ÿßŸÑŸÖÿßŸÑŸÉŸä,Ayman_Alqurashi,899205857,Last Seen Not Long Ago
Abdulla,Alowais,,2093244531,Last Seen Not Long Ago
AZ‚úàÔ∏è,,,718328066,Last Seen Not Long Ago
abdulrahman,azayah,,576937368,Last Seen Not Long Ago
abdulla,,,683613717,Last Seen Not Long Ago
Aj.,,Ajahani77,620363090,Last Seen Not Long Ago
azzam999,,azzam1984,558323828,Last Seen Not Long Ago
ÿπÿ®ÿØÿßŸÑÿ±ÿ≠ŸÖŸÜ,,alazwari79,455229097,Last Seen Not Long Ago
Abdulaziz,,azooz1411,242037732,Last Seen Not Long Ago
A ‚Äò,,AJMi83,784202571,Last Seen Not Long Ago
Abdulaziz,,a_aldaweesh,923479696,Last Seen Not Long Ago
Abdualelah,,Abdualelah2020,258993160,Last Seen Not Long Ago
(;,,Abdulrahman194,139998352,Last Seen Not Long Ago
Aldu,,aldu360,1171020551,Last Seen Not Long Ago
Abdulla,Alm,,5002306896,Last Seen Last Week
93321,alzahrani,,591684426,Last Seen Not Long Ago
?,?,Amthal92,1227873057,Last Seen Not Long Ago
Amna,,,5089515366,Last Seen Not Long Ago
Abdullah,Alshamsi,,877950615,Last Seen Last Week
Abdulaziz,Alahbabi,abdulazizayed,1876928911,Last Seen Last Month
A.,,,1405417721,Last Seen Not Long Ago
ÿ®ŸàÿÆŸÑŸäŸÅÿ©,.ÿå,AB88891,461459933,Last Seen Not Long Ago
Aj,,,761860846,Last Seen Not Long Ago
A,,azaz_77,709330696,Last Seen Not Long Ago
Ahmad,,,596524358,Last Seen Not Long Ago
Abdulla,,aiiahi,321182726,Last Seen Not Long Ago
abdullah,,,380897156,Last Seen Not Long Ago
A,,,1649697766,Last Seen Not Long Ago
ASM,,,1052545812,Last Seen Not Long Ago
Abdulaziz,,,1630553351,Last Seen Not Long Ago
ü¶¶,.,Ab_494,622688954,Last Seen Not Long Ago
Asdfsg,,,812346849,Last Seen Not Long Ago
AF,,,1257066514,Last Seen Last Week
Ahmad,,ahmadedelbi,2134924249,Last Seen Not Long Ago
Amro,,,1761782372,Last Seen Not Long Ago
Akh,,,1101159312,Last Seen Not Long Ago
